STT,Câu hỏi,A,B,C,D,Đáp án,Mức độ
1,Phản ứng hoá học là:,Quá trình chuyển chất từ thể này sang thể khác,Quá trình hoà tan chất rắn vào nước,Quá trình làm thay đổi hình dạng của chất,Quá trình biến đổi từ chất này thành chất khác,D,Nhận biết
2,"Trong phản ứng hoá học, chất ban đầu bị biến đổi và chất mới sinh ra lần lượt được gọi là:",Chất phản ứng (chất tham gia) và sản phẩm,Sản phẩm và chất phản ứng,Chất xúc tác và sản phẩm,Chất phản ứng và chất xúc tác,A,Nhận biết
3,Phản ứng toả nhiệt là phản ứng:,Nhận năng lượng dạng nhiệt từ môi trường trong suốt quá trình xảy ra,Giải phóng năng lượng (dạng nhiệt) ra môi trường xung quanh,Không có sự trao đổi năng lượng với môi trường,Chỉ xảy ra khi được đun nóng liên tục,B,Nhận biết
4,Quá trình nào sau đây là biến đổi hoá học?,Nước lỏng bay hơi,Đốt cháy than tạo ra khí carbon dioxide,Hoà tan đường vào nước,Nghiền đá vôi thành bột,B,Nhận biết
5,"Trong phương trình chữ: iron + sulfur → iron(II) sulfide, chất sản phẩm là:",Iron,Iron(II) sulfide,Sulfur,Iron và sulfur,B,Nhận biết
6,"Phản ứng đốt cháy các nhiên liệu như than, xăng, dầu là phản ứng:",Thu nhiệt,Toả nhiệt,Không có sự trao đổi năng lượng,Chỉ xảy ra trong chân không,B,Nhận biết
7,Quá trình nào sau đây là biến đổi vật lí?,Đốt cháy cồn trong đèn cồn,Nước đá viên tan chảy thành nước lỏng,Nung đá vôi thành vôi sống,Sắt để lâu ngoài không khí ẩm bị gỉ,B,Thông hiểu
8,Điều nào sau đây đúng về diễn biến của phản ứng hoá học?,Các nguyên tử bị phá huỷ và tạo thành các nguyên tử mới,Số nguyên tử của mỗi nguyên tố tăng lên sau phản ứng,"Liên kết trong phân tử chất đầu bị phá vỡ, các nguyên tử liên kết lại tạo thành phân tử mới; số nguyên tử mỗi nguyên tố không đổi","Liên kết giữa các nguyên tử được giữ nguyên, chỉ thay đổi vị trí phân tử",C,Thông hiểu
9,Dấu hiệu nào cho biết có chất mới được tạo thành trong phản ứng hoá học?,Chất chuyển từ thể rắn sang thể lỏng,Chất bị nghiền nhỏ thành bột,"Có sự đổi màu, xuất hiện chất khí hoặc chất kết tủa",Chất thay đổi hình dạng,C,Thông hiểu
10,Phản ứng nào sau đây là phản ứng thu nhiệt?,Đốt cháy cồn (ethanol) trong đèn cồn,Đốt cháy than,Đốt gas để đun nấu,Nung đá vôi (CaCO₃) thành vôi sống (CaO) và khí CO₂,D,Thông hiểu
11,Hỗn hợp bột sắt và bột lưu huỳnh bị nam châm hút; sau khi đun nóng mạnh rồi để nguội thì không bị nam châm hút. Điều này chứng tỏ:,Đã xảy ra phản ứng hoá học tạo chất mới (iron(II) sulfide) không bị nam châm hút,Chỉ xảy ra biến đổi vật lí,Sắt đã bay hơi hết,Lưu huỳnh đã bị nam châm hút hết,A,Thông hiểu
12,"Khi đốt nến, phần nào của nến bị biến đổi thành chất mới?",Phần nến bị nóng chảy thành lỏng,Phần nến bị cháy (tạo carbon dioxide và hơi nước),Phần nến bị nóng chảy rồi đông đặc lại,Toàn bộ nến chỉ chuyển từ thể rắn sang thể lỏng,B,Thông hiểu
13,Cho hai quá trình: (1) hoà tan muối ăn vào nước; (2) sắt bị gỉ. Nhận xét đúng là:,"(1) là biến đổi hoá học, (2) là biến đổi vật lí","(1) là biến đổi vật lí, (2) là biến đổi hoá học",Cả hai đều là biến đổi vật lí,Cả hai đều là biến đổi hoá học,B,Vận dụng
14,Nhỏ giấm ăn vào viên đá vôi thấy sủi bọt khí. Kết luận đúng là:,Có phản ứng hoá học xảy ra vì có chất khí mới được tạo thành,Chỉ có biến đổi vật lí vì đá vôi bị hoà tan,Không có phản ứng vì đá vôi không tan trong nước,Đó chỉ là sự thay đổi trạng thái của giấm,A,Vận dụng
15,Than (carbon) cháy trong không khí tạo ra khí carbon dioxide. Phương trình chữ đúng và chất tăng dần trong quá trình phản ứng là:,Carbon dioxide → Carbon + Oxygen; lượng carbon tăng dần,Carbon + Oxygen → Carbon dioxide; lượng carbon dioxide tăng dần,Carbon + Oxygen → Carbon dioxide; lượng oxygen tăng dần,Carbon + Oxygen → Carbon dioxide; lượng carbon tăng dần,B,Vận dụng
16,"Một phản ứng cần đun nóng liên tục, nếu ngừng đun thì phản ứng dừng lại. Đây là phản ứng:",Toả nhiệt,Không toả nhiệt cũng không thu nhiệt,Tự xảy ra không cần năng lượng,Thu nhiệt,D,Vận dụng
17,"Trong phản ứng giữa hydrogen và oxygen tạo thành nước, nếu oxygen đã hết thì:",Phản ứng vẫn tiếp tục xảy ra bình thường,Phản ứng dừng lại dù hydrogen còn dư,Hydrogen tự chuyển thành oxygen,Nước tạo thành bị phân huỷ ngay,B,Vận dụng
18,Phản ứng giữa chất dinh dưỡng với oxygen trong cơ thể cung cấp năng lượng cho các hoạt động sống. Đây là phản ứng:,Thu nhiệt,Toả nhiệt,Không có sự thay đổi năng lượng,Phân huỷ và luôn thu nhiệt,B,Vận dụng
