STT,Câu hỏi,A,B,C,D,Đáp án,Bài
1,Cơ thể người gồm các phần nào?,"Đầu, thân và hai chân","Đầu, cổ và thân","Đầu, cổ, thân, hai tay và hai chân","Đầu, ngực, bụng và hai chân",C,Bài 30
2,Hệ tuần hoàn (tim và mạch máu) có vai trò chính là:,Biến đổi thức ăn thành các chất dinh dưỡng mà cơ thể hấp thụ được,Tiếp nhận kích thích từ môi trường và điều khiển hoạt động các cơ quan,"Giúp cơ thể sinh sản, duy trì nòi giống","Vận chuyển chất dinh dưỡng, oxygen, hormone đến tế bào và vận chuyển chất thải từ tế bào đến cơ quan bài tiết",D,Bài 30
3,Hệ cơ quan nào giúp cơ thể lấy khí oxygen từ môi trường và thải khí carbon dioxide ra ngoài?,Hệ hô hấp,Hệ tiêu hoá,Hệ nội tiết,Hệ vận động,A,Bài 30
4,Hệ vận động ở người gồm:,Bộ xương và hệ cơ,Bộ xương và hệ thần kinh,Hệ cơ và hệ tuần hoàn,Bộ xương và da,A,Bài 31
5,Bộ xương người trưởng thành có khoảng bao nhiêu xương và được chia thành mấy phần?,"Khoảng 600 xương, chia thành 3 phần","Khoảng 206 xương, chia thành 2 phần","Khoảng 600 xương, chia thành 2 phần","Khoảng 206 xương, chia thành 3 phần (xương đầu, xương thân, xương chi)",D,Bài 31
6,Xương vừa bền chắc vừa mềm dẻo là nhờ:,"Chất khoáng làm xương mềm dẻo, chất hữu cơ làm xương bền chắc",Chỉ nhờ chất khoáng,Chỉ nhờ chất hữu cơ,"Chất khoáng làm xương bền chắc, chất hữu cơ làm xương mềm dẻo",D,Bài 31
7,"Bệnh loãng xương thường gặp ở người cao tuổi, nguyên nhân liên quan đến việc cơ thể thiếu:",Sodium và chlorine,Iodine và sắt,Chất xơ và nước,Calcium và phosphorus,D,Bài 31
8,Tật cong vẹo cột sống có thể do:,Ăn quá nhiều chất béo,Thiếu iodine trong khẩu phần ăn,Nhiễm virus đường hô hấp,"Tư thế hoạt động không đúng trong thời gian dài, mang vác vật nặng thường xuyên",D,Bài 31
9,"Khi sơ cứu người bị gãy xương chân, cần:",Xoa bóp mạnh vào chỗ gãy để giảm đau,Cho nạn nhân đi lại nhẹ nhàng để chân không bị cứng,Chỉ đặt một nẹp ở phía ngoài chân và không cần buộc,"Dùng hai nẹp đặt phía trong và ngoài chân bị gãy, lót bông hoặc vải sạch rồi buộc cố định nẹp",D,Bài 31
10,Dinh dưỡng là:,Các chất có trong thức ăn dùng làm nguyên liệu cấu tạo cơ thể,"Quá trình thu nhận, biến đổi và sử dụng chất dinh dưỡng để duy trì sự sống của cơ thể",Quá trình thải chất cặn bã ra khỏi cơ thể,Lượng thức ăn cung cấp cho cơ thể trong một ngày,B,Bài 32
11,"Ở khoang miệng, enzyme amylase của tuyến nước bọt biến đổi một phần tinh bột chín thành:",Protein,Đường maltose,Acid béo,Amino acid,B,Bài 32
12,Enzyme pepsin trong dịch vị dạ dày giúp biến đổi một phần:,Tinh bột,Protein,Vitamin,Chất khoáng,B,Bài 32
13,Sự tiêu hoá và hấp thụ chất dinh dưỡng diễn ra chủ yếu ở:,Ruột non,Dạ dày,Ruột già,Khoang miệng,A,Bài 32
14,Chức năng chủ yếu của ruột già là:,Tiết dịch mật,Tiết dịch tuỵ,Hấp thụ phần lớn chất dinh dưỡng,Hấp thụ lại nước và cô đặc chất bã,D,Bài 32
15,Nguyên nhân chính gây bệnh viêm loét dạ dày - tá tràng là:,Thiếu vitamin D,Thiếu iodine,Nhiễm vi khuẩn Helicobacter pylori,Nhiễm virus Adeno,C,Bài 32
16,Chất độc solanine có sẵn trong:,Cá nóc,Rau muống,Thịt lợn tươi,Mầm khoai tây,D,Bài 32
17,Huyết tương chiếm khoảng bao nhiêu phần trăm thể tích máu?,Khoảng 55%,Khoảng 25%,Khoảng 45%,Khoảng 75%,A,Bài 33
18,Thành phần nào của máu tham gia bảo vệ cơ thể bằng cơ chế làm đông máu?,Hồng cầu,Bạch cầu,Tiểu cầu,Huyết tương,C,Bài 33
19,Kháng thể là:,Phân tử protein do tế bào lympho B (tương bào) tạo ra để chống lại kháng nguyên,"Chất xâm nhập vào cơ thể, kích thích cơ thể tạo miễn dịch",Loại hồng cầu làm nhiệm vụ bảo vệ cơ thể,Hormone do tuyến nội tiết tiết ra,A,Bài 33
20,Tiêm vaccine giúp phòng bệnh vì mầm bệnh đã chết hoặc suy yếu trong vaccine:,Tiêu diệt trực tiếp mọi vi khuẩn có trong máu,Làm tăng số lượng hồng cầu,"Kích thích bạch cầu tạo kháng thể, giúp cơ thể miễn dịch với bệnh đó",Làm máu đông nhanh hơn,C,Bài 33
21,Người có nhóm máu AB có đặc điểm:,"Hồng cầu không có kháng nguyên, huyết tương có cả kháng thể α và β","Hồng cầu có kháng nguyên A, huyết tương có kháng thể β","Hồng cầu có cả kháng nguyên A và B, huyết tương không có kháng thể α và β","Hồng cầu có kháng nguyên B, huyết tương có kháng thể α",C,Bài 33
22,Sự trao đổi chất giữa máu và các tế bào diễn ra ở:,Động mạch,Mao mạch,Tĩnh mạch,Tim,B,Bài 33
23,"Khi sơ cứu chảy máu động mạch ở cánh tay, dây garô được buộc ở vị trí:","Thấp hơn vết thương, xa tim",Ngay trên vết thương,"Sát vết thương, cao hơn vết thương về phía tim",Ở vị trí bất kì trên cánh tay,C,Bài 33
24,Cục máu đông xuất hiện ở động mạch não là nguyên nhân gây:,Đau tim,Thiếu máu dinh dưỡng,Đột quỵ,Loãng xương,C,Bài 33
25,Chế độ ăn thiếu sắt có thể dẫn đến bệnh:,Thiếu máu,Loãng xương,Bướu cổ,Sâu răng,A,Bài 33
26,Hệ hô hấp ở người gồm:,"Mũi, thực quản, dạ dày và hai lá phổi","Đường dẫn khí (mũi, họng, thanh quản, khí quản, phế quản) và hai lá phổi",Đường dẫn khí và tim,"Khí quản, thực quản và hai lá phổi",B,Bài 34
27,Nơi diễn ra quá trình trao đổi khí ở phổi là:,Khí quản,Phế quản,Thanh quản,Phế nang,D,Bài 34
28,Nắp thanh quản có vai trò:,Ngăn bụi và làm ẩm không khí,Trao đổi khí với máu,Đậy kín đường hô hấp khi nuốt thức ăn,Tiết chất nhầy làm ẩm đường thở,C,Bài 34
29,Chất khí ở phổi và ở tế bào được trao đổi theo cơ chế:,Vận chuyển chủ động,Khuếch tán,Lọc,Nhu động,B,Bài 34
30,Khí CO trong khói thuốc lá gây hại cho cơ thể vì:,Làm tăng số lượng hồng cầu trong máu,Làm phế nang co lại,Làm tăng hàm lượng O₂ trong máu,"Chiếm chỗ của O₂ trong hồng cầu, làm cơ thể thiếu O₂",D,Bài 34
31,Bệnh lao phổi do tác nhân nào gây ra?,Virus Adeno,Xoắn khuẩn Treponema pallidum,Vi khuẩn Mycobacterium tuberculosis,Vi khuẩn Helicobacter pylori,C,Bài 34
32,Chức năng của hệ bài tiết là:,Lọc và thải ra môi trường ngoài các chất cặn bã do tế bào tạo ra và các chất có thể gây độc cho cơ thể,Biến đổi thức ăn thành chất dinh dưỡng,Vận chuyển oxygen đến các tế bào,Điều khiển hoạt động của các cơ quan,A,Bài 35
33,Cơ quan nào thải khoảng 90% sản phẩm bài tiết của cơ thể?,Phổi,Da,Thận,Gan,C,Bài 35
34,Mỗi đơn vị chức năng của thận gồm:,Cầu thận và ống thận,Bể thận và ống dẫn nước tiểu,Bóng đái và ống đái,Nang cầu thận và bể thận,A,Bài 35
35,Biện pháp nào giúp phòng bệnh sỏi thận?,Nhịn tiểu khi buồn tiểu,Thường xuyên ăn thật mặn,Hạn chế uống nước,Uống đủ nước và có chế độ ăn hợp lí,D,Bài 35
36,Bệnh viêm cầu thận do tác nhân nào gây nên?,Virus HIV,Liên cầu khuẩn,Nấm,Xoắn khuẩn,B,Bài 35
37,Chạy thận nhân tạo là phương pháp:,Ghép quả thận hoạt động bình thường vào cơ thể người bệnh,Dùng thuốc lợi tiểu để đào thải sỏi,"Dùng máy lọc máu để thải chất độc, chất thải khi thận suy giảm chức năng",Cắt bỏ hai quả thận bị bệnh,C,Bài 35
38,Môi trường trong của cơ thể gồm:,"Máu, nước bọt và mồ hôi","Nước mô, dịch vị và dịch mật","Máu, nước mô và bạch huyết","Bạch huyết, nước tiểu và mồ hôi",C,Bài 36
39,Cân bằng môi trường trong cơ thể là:,Giữ cho nhiệt độ môi trường ngoài không thay đổi,"Duy trì sự ổn định của môi trường trong, đảm bảo các hoạt động sống diễn ra bình thường",Loại bỏ hoàn toàn các chất thải ra khỏi cơ thể,Tăng lượng nước trong cơ thể,B,Bài 36
40,Lượng uric acid trong máu cao hơn mức bình thường kéo dài có nguy cơ dẫn đến:,Bướu cổ,"Viêm khớp, gout, suy thận",Thiếu máu do thiếu sắt,Sâu răng,B,Bài 36
41,"Nếu chỉ số glucose trong máu (khi không ăn 8 giờ) cao hơn 7 mmol/L trong thời gian dài, cơ thể có nguy cơ mắc:",Bệnh tiểu đường,Bệnh bướu cổ,Bệnh Parkinson,Bệnh loãng xương,A,Bài 36
42,Bộ phận trung ương của hệ thần kinh gồm:,Dây thần kinh và hạch thần kinh,Não và dây thần kinh,Não và tuỷ sống,Tuỷ sống và hạch thần kinh,C,Bài 37
43,"Bệnh do thoái hoá tế bào thần kinh, gây run tay, mất thăng bằng, khó di chuyển và thường gặp ở người cao tuổi là:",Bệnh động kinh,Bệnh Alzheimer,Bệnh Parkinson,Bệnh đau mắt đỏ,C,Bài 37
44,Chất nào sau đây là chất gây nghiện có trong thuốc lá?,Nicotine,Etanol,Iodine,Insulin,A,Bài 37
45,Ảnh của vật mà ta nhìn thấy được tạo ở:,Giác mạc,Thể thuỷ tinh,Màng lưới (võng mạc),Mống mắt,C,Bài 37
46,Người bị cận thị có đặc điểm:,"Nhìn rõ vật ở gần, không nhìn rõ vật ở xa; ảnh nằm trước màng lưới; khắc phục bằng kính phân kì",Nhìn rõ vật ở xa; ảnh nằm sau màng lưới; khắc phục bằng kính hội tụ,"Nhìn mờ do giác mạc biến dạng, ảnh hội tụ ở nhiều điểm",Nhìn rõ mọi vật vì ảnh luôn nằm đúng trên màng lưới,A,Bài 37
47,"Để khắc phục tật viễn thị, cần đeo:",Kính lão (kính hội tụ),Kính cận (kính phân kì),Kính râm,Không cần đeo kính,A,Bài 37
48,Thứ tự truyền âm thanh trong tai là:,Vành tai → màng nhĩ → ống tai → ốc tai → chuỗi xương tai → dây thần kinh thính giác,Ống tai → vành tai → chuỗi xương tai → màng nhĩ → ốc tai → dây thần kinh thính giác,Vành tai → ống tai → màng nhĩ → chuỗi xương tai → ốc tai → dây thần kinh thính giác,Vành tai → ống tai → chuỗi xương tai → màng nhĩ → dây thần kinh thính giác → ốc tai,C,Bài 37
49,Hormone do các tuyến nội tiết tiết ra được vận chuyển đến cơ quan đích theo đường:,Ống dẫn riêng đến từng cơ quan,Đường tiêu hoá,Dây thần kinh,Máu,D,Bài 38
50,Tuyến tuỵ được gọi là tuyến pha vì:,Chỉ tiết hormone,Vừa tiết dịch tiêu hoá (chức năng ngoại tiết) vừa tiết hormone (chức năng nội tiết),Chỉ tiết dịch tiêu hoá,Nằm giữa dạ dày và gan,B,Bài 38
51,Hormone insulin có tác dụng:,Làm tăng đường huyết,Kích thích tuyến giáp hoạt động,Làm tăng nhịp tim,"Chuyển hoá glucose trong máu thành glycogen dự trữ ở gan, làm giảm đường huyết",D,Bài 38
52,Hormone thyroxine của tuyến giáp có chứa nguyên tố nào?,Sắt,Calcium,Sodium,Iodine,D,Bài 38
53,Người mắc bệnh đái tháo đường thường có triệu chứng:,"Ăn ít, uống ít, tăng cân","Ăn nhiều, uống nhiều, đi tiểu nhiều, sụt cân","Run tay, mất thăng bằng","Ho khạc kéo dài, sốt nhẹ về chiều",B,Bài 38
54,"Adrenaline có vai trò tăng nhịp tim, co mạch, tăng nhịp hô hấp do tuyến nào tiết ra?",Tuyến yên,Tuyến trên thận,Tuyến giáp,Tuyến tuỵ,B,Bài 38
55,Da được cấu tạo gồm các lớp:,"Biểu bì, cơ và xương","Biểu bì, bì và mỡ dưới da","Bì, cơ và mỡ dưới da","Lớp sừng, lớp nhầy và lớp sợi",B,Bài 39
56,Bệnh hắc lào và bệnh lang ben do tác nhân nào gây ra?,Virus,Nấm,Vi khuẩn E. coli,Kí sinh trùng sốt rét,B,Bài 39
57,Thân nhiệt bình thường của người khoảng:,"37 °C và dao động không quá 0,5 °C",35 °C và dao động khoảng 3 °C,"40 °C và dao động không quá 0,5 °C",30 °C và dao động không quá 5 °C,A,Bài 39
58,"Khi trời nóng, cơ thể tăng toả nhiệt nhờ:","Mạch máu dưới da co lại, ngừng tiết mồ hôi",Cơ co dãn liên tục gây phản xạ run,Lỗ chân lông co lại,"Mạch máu dưới da dãn, tăng tiết mồ hôi",D,Bài 39
59,"Khi trời rất lạnh, cơ thể giảm toả nhiệt và tăng sinh nhiệt bằng cách:",Dãn mạch máu dưới da và tăng tiết mồ hôi,Tăng tiết mồ hôi và dãn chân lông,Ngừng phân giải các chất ở tế bào,"Co mạch máu dưới da, co chân lông, cơ co dãn liên tục gây run",D,Bài 39
60,Bộ phận giữ vai trò chủ đạo trong hoạt động điều hoà thân nhiệt là:,Hệ thần kinh,Hệ tiêu hoá,Hệ nội tiết,Hệ vận động,A,Bài 39
61,"Để phòng chống cảm nóng, nên:",Tắm ngay sau khi vận động mạnh ra nhiều mồ hôi,"Che nắng, uống đủ nước, tránh ánh nắng chiếu trực tiếp vào vùng sau gáy",Ngồi trước quạt gió mạnh sau khi vận động,Chơi thể thao dưới ánh nắng trực tiếp,B,Bài 39
62,Cơ quan sản sinh ra tinh trùng ở nam giới là:,Mào tinh,Túi tinh,Tinh hoàn,Tuyến tiền liệt,C,Bài 40
63,Cơ quan sinh dục nữ nào sản sinh ra trứng?,Tử cung,Buồng trứng,Ống dẫn trứng,Âm đạo,B,Bài 40
64,Sự thụ tinh là quá trình:,"Tinh trùng kết hợp với trứng tạo thành hợp tử, xảy ra ở ống dẫn trứng",Phôi bám vào niêm mạc tử cung để làm tổ,Trứng rụng và di chuyển về phía tử cung,Lớp niêm mạc tử cung bong ra gây chảy máu,A,Bài 40
65,Sự thụ thai là hiện tượng:,Phôi di chuyển đến tử cung và bám vào niêm mạc tử cung để làm tổ,Tinh trùng kết hợp với trứng tạo thành hợp tử,Trứng chín và rụng,Tinh trùng được phóng vào âm đạo,A,Bài 40
66,"Nếu trứng không được thụ tinh, hiện tượng kinh nguyệt xảy ra do:","Thể vàng tiêu giảm, nồng độ progesterone giảm làm lớp niêm mạc tử cung bong ra",Nồng độ estrogen tăng đột ngột,Buồng trứng ngừng hoạt động vĩnh viễn,Tử cung co bóp đẩy trứng ra ngoài,A,Bài 40
67,Thuốc tránh thai hằng ngày có tác dụng:,Ngăn tinh trùng gặp trứng bằng lớp chắn cơ học,Tiêu diệt tinh trùng trong tinh hoàn,Ngăn hợp tử di chuyển vào tử cung,Ngăn không cho trứng chín và rụng,D,Bài 40
68,Virus HIV gây ra hội chứng AIDS bằng cách tấn công:,Hồng cầu,Tế bào lympho T trong hệ miễn dịch,Tế bào thần kinh,Tế bào gan,B,Bài 40
